id,signal_log_id,symbol,direction,status,intended_entry,actual_entry,intended_tp,intended_sl,actual_exit,quantity,quote_amount,risk_amount,pnl_usd,pnl_pct,outcome,conviction,market_state,fired_reason,created_at,filled_at,closed_at,market_state_at_close,provider
1,659,BNBUSDT,SHORT,CANCELLED,661.461817,,643.774269,674.727478,,0.7538259872613948,498.62710723574105,10,,,EXPIRED,66,UNKNOWN,Oracle BEARISH -4/5 | ,1773900221075,,1773900406494,,binance
2,662,POLUSDT,SHORT,CANCELLED,0.098199,,0.094974,0.100618,,4133.939644481183,405.94873914840764,10,,,EXPIRED,66,UNKNOWN,Oracle BEARISH -4/5 | ,1773900221095,,1773900406515,,binance
3,661,PUMPUSDT,SHORT,CANCELLED,0.002024,,0.001903,0.002114,,111111.11111111136,224.8888888888894,10,,,EXPIRED,66,UNKNOWN,Oracle BEARISH -4/5 | ,1773900221101,,1773900406521,,binance
4,663,TRUMPUSDT,SHORT,CANCELLED,3.650264,,3.384321,3.84972,,501.36370928926664,1830.1098989250756,100,,,EXPIRED,66,UNKNOWN,Oracle BEARISH -4/5 | ,1773900424064,,1773901530194,,binance
5,660,TRXUSDT,LONG,CANCELLED,0.301679,,0.306306,0.298209,,28818.443804034807,8693.919308357416,100,,,EXPIRED,66,UNKNOWN,Oracle BULLISH +4/5 | ,1773900424085,,1773901530216,,binance
6,666,ADAUSDT,SHORT,CANCELLED,0.27842,,0.265627,0.288016,,10421.00875364736,2901.417257190498,100,,,EXPIRED,66,UNKNOWN,Oracle BEARISH -4/5 | ,1773900556103,,1773901530221,,binance
7,665,DOGEUSDT,SHORT,CANCELLED,0.097473,,0.093049,0.100791,,30138.63773357443,2937.7034358047003,100,,,EXPIRED,66,UNKNOWN,Oracle BEARISH -4/5 | ,1773901590693,,1773901805043,,binance
8,674,RLUSDUSDT,SHORT,CLOSED,0.999859,0.999859,0.999378,1.000219,1,3000.4230596514108,3000,1.0801523014742556,-3.4231,-0.11,LOSS,66,STRONG BEAR,Oracle BULLISH +4/5 | ,1773901590711,1773901717156,1773901805060,,binance
9,668,SKYUSDT,LONG,CLOSED,0.07244,0.07244,0.077071,0.068967,0.077071,28793.550244745144,2085.8047797293384,100,133.34,4.42,WIN,66,UNKNOWN,Oracle BEARISH -3/5 | ,1773901590717,1773901717156,1773901805066,,binance
10,667,SUIUSDT,SHORT,CANCELLED,1.009188,,0.962325,1.044335,,2741.861325290918,2767.053547147691,96.3682,,,EXPIRED,66,UNKNOWN,Oracle BEARISH -4/5 | ,1773902031191,,1773930900341,,binance
11,1036,ASTERUSDT,SHORT,CANCELLED,0.710335,,0.673319,0.738097,,3471.2268568546992,2465.733929363883,96.3682,,,EXPIRED,66,STRONG BEAR,Oracle BEARISH -4/5 | ,1773989698561,,1774167954820,,binance
12,983,LTCUSDT,SHORT,CANCELLED,56.37932,,54.725944,57.619352,,51.27848296148304,2891.0460000000003,63.58695978369371,,,EXPIRED,66,STRONG BEAR,Oracle BEARISH -4/5 | ,1774167994192,,1774261074796,,binance
13,1060,BTCUSDT,SHORT,CANCELLED,71406.878668,,66998.918857,73335.361085,,0.040486939828887694,2891.0460000000003,78.07835157814658,,,EXPIRED,56,BEAR,(trend) SELL_LIMIT 60% | ,1774170597946,,1774261074796,,binance
14,1120,BCHUSDT,SHORT,CANCELLED,467,467.5,453.184173,477.36187,,6.190676659528909,2891.0460000000003,64.14698675807287,,,EXPIRED,78,scanner,(trend) SELL,1774170597959,1774170597959,1774170873000,,binance
15,1231,BNBUSDT,SHORT,CANCELLED,641.515736,,627.111813,652.318678,,4.506586257768743,2891.0460000000003,48.68438996067291,,,EXPIRED,56,BEAR,(trend) SELL_LIMIT 60% | ,1774170597969,,1774195200000,,binance
16,1232,XRPUSDT,SHORT,CANCELLED,1.436066,,1.391832,1.469241,,2013.1707038534441,2891.0460000000003,66.78693810033792,,,EXPIRED,56,BEAR,(trend) SELL_LIMIT 60% | ,1774170597978,,1774180800000,,binance
17,1233,ATOMUSDT,SHORT,CANCELLED,1.827839,,1.766776,1.873636,,1581.6743159545235,2891.0460000000003,72.43593864776945,,,EXPIRED,56,BEAR,(trend) SELL_LIMIT 60% | ,1774170597985,,1774209600000,,binance
18,1234,DOGEUSDT,SHORT,CANCELLED,0.093731,,0.090262,0.096334,,30844.075065880024,2891.0460000000003,80.28712739648596,,,EXPIRED,56,BEAR,(trend) SELL_LIMIT 60% | ,1774170597991,,1774195200000,,binance
19,4203,XRPUSDT,SHORT,CANCELLED,1.431325,,1.389229,1.462898,,2019.8389604038218,2891.0460000000003,63.772375496830016,,,EXPIRED,56,BEAR,(trend) SELL_LIMIT 60% | ,1774181100335,,1774195200000,,binance
20,4218,ARBUSDT,SHORT,CANCELLED,0.096291,,0.092179,0.099375,,30024.052092095837,2891.0460000000003,92.59417665202366,,,EXPIRED,56,BEAR,(trend) SELL_LIMIT 60% | ,1774261083501,,1774354148273,,binance
21,1257,ETHUSDT,SHORT,CANCELLED,2142.935804,,1984.452187,2202.36716,,1.349105276323994,2891.0460000000003,80.17915595868911,,,EXPIRED,56,BEAR,(trend) SELL_LIMIT 60% | ,1774261083512,,1774354148273,,binance
22,4227,ATOMUSDT,SHORT,CANCELLED,1.804173,,1.744979,1.848569,,1602.4217189814947,2891.0460000000003,71.14111463590224,,,EXPIRED,56,BEAR,[RECOVERED] (trend) SELL_LIMIT 60% | ,1774261083522,,1774354148273,,binance
23,4228,DOGEUSDT,SHORT,CANCELLED,0.092304,,0.088981,0.094797,,31320.917836713474,2891.0460000000003,78.08304816692697,,,EXPIRED,56,BEAR,[RECOVERED] (trend) SELL_LIMIT 60% | ,1774261083533,,1774252800000,,binance
24,4263,XRPUSDT,SHORT,CLOSED,1.420183,1.420183,1.369029,1.458549,1.369029,2035.6855419336807,2891.0460000000003,78.10111150182784,104.13,5.12,WIN,56,BEAR,(trend) SELL_LIMIT 60% | ,1774354157879,1774354500304,1774360936743,,binance
25,4294,BNBUSDT,SHORT,CANCELLED,636.6432,,619.987562,649.134928,,4.541077325572629,2891.0460000000003,56.72590277802057,,,EXPIRED,56,BEAR,(trend) SELL_LIMIT 60% | ,1774359128268,,1774425600000,,binance
26,4306,PUMPUSDT,SHORT,CLOSED,0.001883,0.001889,0.001787,0.001955,0.001787,1383014.0277777733,2604.2154143055473,99.57701,138.4632,5.32,WIN,78,scanner,(trend) SELL,1774445700572,1774445700572,1774512000000,"",binance
27,4307,POLUSDT,SHORT,CLOSED,0.0972,0.0975,0.093945,0.099641,0.099641,30733.6450617284,2987.3103,75.02082759567898,-68.788,-2.3,LOSS,78,scanner,(trend) SELL,1774445700593,1774445700593,1774454400000,"",binance
28,4308,TRUMPUSDT,SHORT,CLOSED,3.368,3.357,3.215324,3.482507,3.215324,869.6150453684044,2928.863472800786,99.57701,120.2747,4.11,WIN,78,scanner,(trend) SELL,1774445700604,1774445700604,1774483200000,"",binance
29,4325,NEARUSDT,SHORT,CANCELLED,1.27932,,1.224694,1.320289,,2780.508395084889,3557.16,113.9146484382329,,,EXPIRED,56,BEAR,(trend) SELL_LIMIT 60% | ,1774524784171,,1774526400000,,binance
30,4327,XRPUSDT,SHORT,CANCELLED,1.407725,,1.360149,1.443407,,2526.8855777939584,3557.16,90.16433118684456,,,EXPIRED,56,BEAR,[RECOVERED] (trend) SELL_LIMIT 60% | ,1774524784180,,1774526400000,,binance
31,4343,NEARUSDT,SHORT,CANCELLED,1.274405,,1.223538,1.312555,,2791.2319866918288,3557.16,106.48550029229301,,,EXPIRED,56,BEAR,(trend) SELL_LIMIT 60% | ,1774526700616,,1774540800000,,binance
32,4344,ATOMUSDT,SHORT,CANCELLED,1.764234,,1.713559,1.80224,,2016.2631487659798,3557.16,76.6300972319998,,,EXPIRED,56,BEAR,(trend) SELL_LIMIT 60% | ,1774526700634,,1774540800000,,binance
33,4347,BNBUSDT,SHORT,CLOSED,633.076162,620.03,617.566946,644.708074,617.566946,5.618850011288216,3557.16,65.35796887250385,10.2824,0.29,WIN,56,BEAR,(trend) SELL_LIMIT 60% | ,1774602424448,1774603180306,1774612800527,"",binance
34,4350,ARBUSDT,SHORT,CLOSED,0.095591,0.0928,0.091793,0.098441,0.091793,37212.28985992405,3557.16,106.05502610078373,33.9156,0.95,WIN,56,BEAR,(trend) SELL_LIMIT 60% | ,1774602424458,1774603180306,1774612800527,"",binance
35,4352,DOGEUSDT,SHORT,CLOSED,0.093074,0.09131,0.08971,0.095598,0.08971,38218.62174183982,3557.16,96.46380127640366,57.5926,1.62,WIN,56,BEAR,(trend) SELL_LIMIT 60% | ,1774602424465,1774603180306,1774612800000,"",binance
36,4398,XRPUSDT,SHORT,CLOSED,1.384146,1.3436,1.338395,1.418459,1.338395,2569.931206679064,3557.16,88.18204949477825,9.8193,0.28,WIN,56,BEAR,(trend) SELL_LIMIT 60% | ,1774603180355,1774603180355,1774612800527,"",binance
37,4401,ATOMUSDT,SHORT,CLOSED,1.739917,1.702,1.685745,1.780546,1.685745,2044.4423498362278,3557.16,83.06364823149615,29.6753,0.83,WIN,56,BEAR,(trend) SELL_LIMIT 60% | ,1774603180373,1774603180373,1774612800527,"",binance
38,4420,BCHUSDT,SHORT,CLOSED,467.603752,466.4,453.778686,477.97255,477.97255,0.25357367106840495,118.572,2.629254173426742,-3.0531,-2.57,LOSS,56,scanner,(trend) SELL LIMIT,1774604098254,1774604098254,1774689278300,BEAR,binance
39,4418,SOLUSDT,SHORT,CLOSED,88.383678,83.44,84.946172,90.961807,84.946172,1.341559920147247,118.572,3.458714535369288,-2.1392,-1.8,LOSS,56,scanner,(trend) SELL LIMIT,1774611588108,1774611900457,1774612800527,"",binance
40,4421,ADAUSDT,SHORT,CLOSED,0.259744,0.2476,0.249897,0.267129,0.249897,456.495626462979,118.572,3.3712202014291135,-1.1671,-0.98,LOSS,56,scanner,(trend) SELL LIMIT,1774611588121,1774611900457,1774612800527,"",binance
41,4422,AVAXUSDT,SHORT,CLOSED,9.306507,8.74,8.967161,9.561016,8.967161,12.74076299518176,118.572,3.242638849140721,-3.0128,-2.54,LOSS,56,scanner,(trend) SELL LIMIT,1774611588128,1774611900457,1774612800527,"",binance
42,4353,BTCUSDT,SHORT,CLOSED,69549.492419,66355.89,65427.927351,71352.677137,65427.927351,0.05696746535734052,3962.0582999999997,102.72286295555107,48.9016,1.23,WIN,56,BEAR,[RECOVERED] (trend) SELL_LIMIT 60% | ,1774657295693,1774657500414,1774841203957,BEAR,binance
43,4521,ETHUSDT,SHORT,CLOSED,2103.226098,1991.44,1948.9595,2161.076072,1948.9595,1.8838004643283954,3962.0582999999997,108.97780788258513,76.0627,1.92,WIN,56,scanner,(trend) SELL LIMIT,1774657295703,1774657500414,1774841203957,BEAR,binance
44,4864,DOGEUSDT,SHORT,CLOSED,0.092034,0.09012,0.088918,0.094371,0.094371,43049.94132603168,3962.0582999999997,100.60771287893569,-186.9674,-4.72,LOSS,56,BEAR,[RECOVERED] (trend) SELL_LIMIT 60% | ,1774657295708,1774657500414,1774841203957,BEAR,binance
45,4880,XRPUSDT,SHORT,CLOSED,1.365147,1.3262,1.322366,1.397232,1.322366,2902.294258420521,3962.0582999999997,93.12011128142218,7.1653,0.18,WIN,56,scanner,(trend) SELL LIMIT,1774659292697,1774659300273,1774841203957,BEAR,binance
46,4881,SOLUSDT,SHORT,CLOSED,86.5057,82.82,83.238012,88.956466,83.238012,45.80112408777687,3962.0582999999997,112.24783767610464,149.66,3.27,WIN,56,scanner,(trend) SELL LIMIT,1774659292716,1774659300273,1774663559197,,binance
47,4883,ADAUSDT,SHORT,CLOSED,0.255206,0.2466,0.245943,0.262153,0.245943,15524.94181171289,3962.0582999999997,107.85177076597002,143.81,3.24,WIN,56,scanner,(trend) SELL LIMIT,1774659292725,1774659300273,1774664383446,,binance
48,4884,LINKUSDT,SHORT,CLOSED,8.868358,8.56,8.537517,9.116488,8.537517,446.76345948145075,3962.0582999999997,110.85541720113225,147.81,3.27,WIN,56,scanner,(trend) SELL LIMIT,1774659292734,1774659300273,1774664383446,,binance
49,4928,ATOMUSDT,SHORT,CLOSED,1.716721,1.674,1.664263,1.756065,1.664263,2307.92207935943,3962.0582999999997,90.80288629031752,18.5102,0.47,WIN,56,BEAR,(trend) SELL_LIMIT 60% | ,1774659292744,1774659300273,1774689278300,BEAR,binance
50,5119,SOLUSDT,SHORT,CANCELLED,86.5057,,83.238012,88.956466,82.58,45.59007688426739,3943.80151392737,111.73061036534853,0,0,EXPIRED,56,scanner,(trend) SELL LIMIT,1774664100318,,1774664383446,,binance
51,5139,SOLUSDT,SHORT,CLOSED,86.5057,82.52,83.238012,88.956466,83.238012,52.351184551551874,4528.675865461181,128.30050315866868,171.07,3.74,WIN,56,scanner,(trend) SELL LIMIT,1774664700610,1774665000175,1774666433813,,binance
52,5141,ADAUSDT,SHORT,CLOSED,0.255206,0.2455,0.245943,0.262153,0.245943,17745.177877719103,4528.675865461181,123.27575071651526,164.37,3.71,WIN,56,scanner,(trend) SELL LIMIT,1774664700658,1774665000175,1774666433813,,binance
53,5142,LINKUSDT,SHORT,CLOSED,8.868358,8.51,8.537517,9.116488,8.537517,510.6555086591205,4528.675865461181,126.70895136358745,168.95,3.74,WIN,56,scanner,(trend) SELL LIMIT,1774664700684,1774665000175,1774666433813,,binance
54,5219,SOLUSDT,SHORT,CLOSED,86.5057,82.57,83.238012,88.956466,83.238012,45.72189065731834,3955.2041566347834,112.05365507867351,149.4,3.26,WIN,56,scanner,(trend) SELL LIMIT,1774667100474,1774667400525,1774689277997,,binance
55,5221,ADAUSDT,SHORT,CLOSED,0.255206,0.2451,0.245943,0.262153,0.245943,15498.084514606959,3955.2041566347834,107.66519312297511,-17.0201,-0.43,WIN,56,scanner,(trend) SELL LIMIT,1774667100501,1774667400525,1774689278300,BEAR,binance
56,5222,LINKUSDT,SHORT,CLOSED,8.868358,8.51,8.537517,9.116488,8.537517,445.9905832212438,3955.2041566347834,110.66364341468712,-16.2275,-0.41,WIN,56,scanner,(trend) SELL LIMIT,1774667100514,1774667400525,1774689278300,BEAR,binance
57,5310,BCHUSDT,SHORT,CLOSED,476.6,477.6,462.50062,487.174535,462.50062,7.988527906000838,3807.3324,84.47496794048233,108.83,2.85,WIN,78,scanner,(trend) SELL,1774689900400,1774689900400,1774841203624,,binance
58,5314,SOLUSDT,SHORT,CANCELLED,85.909389,,82.77854,88.257526,,44.318001144205546,3807.3324,104.06473825275111,,,EXPIRED,56,scanner,(trend) SELL LIMIT,1774689900545,,1774694403057,,binance
59,5318,WLDUSDT,SHORT,CANCELLED,0.276708,,0.256615,0.291778,,8421.438619774402,2330.2794376005354,126.91108,,,EXPIRED,56,scanner,(trend) SELL LIMIT,1774689900569,,1774841203943,,binance
60,5319,ZECUSDT,SHORT,CLOSED,221.88532,222.16,209.15783,231.430938,209.15783,13.295218811395985,2950.013880436618,126.91108,169.9167,5.76,WIN,56,scanner,(trend) SELL LIMIT,1774689900583,1774705500200,1774841203957,BEAR,binance
61,5362,ADAUSDT,SHORT,CANCELLED,0.253752,,0.244771,0.260488,,15004.147356474037,3807.3324,101.06793659320941,,,EXPIRED,56,scanner,(trend) SELL LIMIT,1774690500531,,1774841203943,,binance
62,5363,LINKUSDT,SHORT,CANCELLED,8.810064,,8.492422,9.048295,,432.1571784268536,3807.3324,102.95323677380732,,,EXPIRED,56,scanner,(trend) SELL LIMIT,1774690500549,,1774841203943,,binance
63,5792,SOLUSDT,SHORT,CANCELLED,85.909389,,82.77854,88.257526,,44.318001144205546,3807.3324,104.06473825275111,,,EXPIRED,56,scanner,(trend) SELL LIMIT,1774694700314,,1774701602364,,binance
64,5802,ATOMUSDT,SHORT,CANCELLED,1.711866,,1.658958,1.751547,,2224.0831934275225,3807.3324,88.2538451983972,,,EXPIRED,56,BEAR,(trend) SELL_LIMIT 60% | ,1774698908711,,1774841203943,,binance
65,5812,XAUTUSDT,SHORT,CANCELLED,4586.627664,,4480.669074,4666.096606,,0.8300940645091788,3807.3324,65.96669706702454,,,EXPIRED,56,scanner,(trend) SELL LIMIT,1774699500676,,1774841203943,,binance
66,6074,SOLUSDT,SHORT,CANCELLED,85.608495,,82.637298,87.836893,,44.473768637096114,3807.3324,99.10525708336765,,,EXPIRED,56,scanner,(trend) SELL LIMIT,1774701900466,,1774841203943,,binance
67,6421,NEARUSDT,SHORT,CLOSED,1.187157,1.188,1.140938,1.221822,1.221822,3900.111695420235,4630.0449,135.19737192174222,-136.5396,-2.95,LOSS,56,BEAR,(trend) SELL_LIMIT 60% | ,1774841262405,1774842600396,1774956674292,BEAR,binance
68,6526,BTCUSDT,SHORT,CLOSED,67160.845942,67238.46,65314.164787,68545.856809,68545.856809,0.06893964534035946,4630.0449,95.48215796352407,-94.7615,-2.05,LOSS,56,scanner,(trend) SELL LIMIT,1774842300186,1774842900371,1775021327285,,binance
69,6529,XRPUSDT,SHORT,CLOSED,1.344792,1.3525,1.304788,1.374795,1.304788,3442.945005621687,4630.0449,103.29867900366747,159.6397,3.45,WIN,56,scanner,(trend) SELL LIMIT,1774842300211,1774842600396,1774956674292,BEAR,binance
70,6530,SOLUSDT,SHORT,CANCELLED,83.721485,,80.447535,86.176948,,55.30294762449567,4630.0449,135.7943416828867,,,EXPIRED,56,scanner,(trend) SELL LIMIT,1774842300222,,1774956674269,,binance
71,6531,DOGEUSDT,SHORT,CLOSED,0.091519,0.09233,0.087978,0.094175,0.094175,50591.078355314196,4630.0449,134.36990411171408,-97.9706,-2.12,LOSS,56,scanner,(trend) SELL LIMIT,1774842300233,1774842600396,1775094836638,BEAR,binance
72,6532,BCHUSDT,SHORT,CANCELLED,469.309312,,453.54218,481.13466,,9.865657428080183,4630.0449,116.66483233583334,,,EXPIRED,56,scanner,(trend) SELL LIMIT,1774842300243,,1774956674269,,binance
73,6533,ADAUSDT,SHORT,CLOSED,0.247699,0.2479,0.238059,0.25493,0.238059,18692.22281882446,4630.0449,135.16346320291942,179.3201,3.87,WIN,56,scanner,(trend) SELL LIMIT,1774842300254,1774843800561,1774958400000,BEAR,binance
74,6534,LINKUSDT,SHORT,CLOSED,8.619802,8.63,8.289989,8.867161,8.867161,537.140516684722,4630.0449,132.86654106661584,-132.0188,-2.85,LOSS,56,scanner,(trend) SELL LIMIT,1774842300268,1774842600396,1774956674292,BEAR,binance
75,6535,LTCUSDT,SHORT,CLOSED,54.109195,54.14,52.578516,55.257204,52.578516,85.56854153901199,4630.0449,98.23345580365977,128.9839,2.79,WIN,56,scanner,(trend) SELL LIMIT,1774842300278,1774842900371,1775097910339,,binance
76,6639,ATOMUSDT,SHORT,CANCELLED,1.677009,,1.630873,1.71161,,2760.8944853605435,4630.0449,95.52971008796045,,,EXPIRED,56,BEAR,(trend) SELL_LIMIT 60% | ,1774843500634,,1774956674269,,binance
77,6736,SOLUSDT,SHORT,CLOSED,83.283324,84.04,79.7489,85.934142,79.7489,51.67047367129584,4303.2888,136.96902167639715,217.4199,5.05,WIN,56,scanner,(trend) SELL LIMIT,1774956900711,1775021700294,1775094836323,,binance
78,6737,XRPUSDT,SHORT,CLOSED,1.336464,1.3381,1.295857,1.366919,1.366919,3219.906260101282,4303.2888,98.06224515138422,-97.0978,-2.26,LOSS,56,scanner,(trend) SELL LIMIT,1774956900762,1774966800372,1775094836638,BEAR,binance
79,6738,BNBUSDT,SHORT,CLOSED,614.015874,615.9,598.63054,625.554875,598.63054,7.008432488831714,4303.2888,80.87030949706153,116.7286,2.71,WIN,56,scanner,(trend) SELL LIMIT,1774956900783,1774966800372,1775097910339,,binance
80,6740,XAUTUSDT,SHORT,CLOSED,4532.053224,4570.99,4434.973916,4604.862704,4604.862704,0.9495230058666231,4303.2888,69.13427630518568,-36.4662,-0.85,LOSS,56,scanner,(trend) SELL LIMIT,1774956900800,1774957200572,1774965900359,BEAR,binance
81,6743,SUIUSDT,SHORT,CLOSED,0.874293,0.8774,0.836375,0.902732,0.902732,4922.021336096709,4303.2888,139.97736477725428,-128.9879,-3,LOSS,56,scanner,(trend) SELL LIMIT,1774956900819,1774966800372,1775094836638,BEAR,binance
82,6760,BCHUSDT,SHORT,CLOSED,466.084554,466.6,450.75826,477.579274,477.579274,9.232850054928017,4303.2888,106.12902618338192,-105.6733,-2.46,LOSS,56,scanner,(trend) SELL LIMIT,1774957500357,1774957800495,1774972800000,BEAR,binance
83,6805,ATOMUSDT,SHORT,CLOSED,1.680165,1.686,1.630482,1.717428,1.717428,2561.2298792082925,4303.2888,95.43910898893871,-84.7976,-1.97,LOSS,56,BEAR,(trend) SELL_LIMIT 60% | ,1774958700359,1774965300386,1775021327285,,binance
84,6833,TONUSDT,SHORT,CANCELLED,1.2323,,1.198355,1.257759,,3492.07887689686,4303.2888,88.90483612691759,,,EXPIRED,56,scanner,(trend) SELL LIMIT,1774959300350,,1775094836628,,binance
88,6803,NEARUSDT,SHORT,CLOSED,1.182875,1.205,1.13503,1.218759,1.218759,6616.559061608369,7826.562299999999,237.4286053667549,-98.8638,-1.26,LOSS,56,BEAR,(trend) SELL_LIMIT 60% | ,1775021397610,1775021700294,1775094836638,BEAR,binance
89,7073,POLUSDT,SHORT,CLOSED,0.09369,0.09369,0.090246,0.096273,0.090246,83536.79474863912,7826.562299999999,215.775540835735,279.8742,3.58,WIN,78,scanner,(trend) SELL,1775021700327,1775021700327,1775097910339,,binance
90,7077,BCHUSDT,SHORT,CANCELLED,466.16584,,451.385005,477.251467,,16.789223122826844,7826.562299999999,186.11906515943338,,,EXPIRED,56,scanner,(trend) SELL LIMIT,1775021700364,,1775094836323,,binance
91,7078,ADAUSDT,SHORT,CLOSED,0.245095,0.2471,0.23507,0.252613,0.252613,31932.770150349857,7826.562299999999,240.07056599032924,-183.8719,-2.35,LOSS,56,scanner,(trend) SELL LIMIT,1775021700377,1775022000391,1775023818969,,binance
92,7081,CROUSDT,SHORT,OPEN,0.070756,0.07104,0.069164,0.07195,,110613.40805020067,7826.562299999999,132.07240921193966,,,,56,scanner,(trend) SELL LIMIT,1775021700390,1775022000391,,,binance
93,7160,ADAUSDT,SHORT,CLOSED,0.245295,0.2529,0.234875,0.25311,0.25311,29657.949000183446,7274.946599999998,231.77687143643328,-13.5031,-0.19,LOSS,56,scanner,(trend) SELL LIMIT,1775024100531,1775024400520,1775024402635,,binance
94,7179,ADAUSDT,SHORT,CLOSED,0.245295,0.2523,0.234875,0.25311,0.234875,29492.803766892917,7234.437299999999,230.4862614382678,506.6777,7,WIN,56,scanner,(trend) SELL LIMIT,1775024700297,1775025000462,1775272820372,BEAR,binance
95,7205,APTUSDT,SHORT,CANCELLED,0.907506,,0.864799,0.939536,,6887.227286918511,6250.20008624227,220.59788999999992,,,EXPIRED,56,BEAR,(trend) SELL_LIMIT 60% | ,1775094852664,,1775096102333,,binance
96,7227,XRPUSDT,SHORT,CANCELLED,1.341843,,1.299059,1.373931,,4931.9754248447825,6617.9366999999975,158.25722743241997,,,EXPIRED,56,scanner,(trend) SELL LIMIT,1775095500637,,1775272820349,,binance
97,7228,SOLUSDT,SHORT,CANCELLED,82.729589,,78.814001,85.666279,,75.11786739492422,6214.470296138582,220.59788999999992,,,EXPIRED,56,scanner,(trend) SELL LIMIT,1775095500680,,1775096102333,,binance
98,7229,DOGEUSDT,SHORT,CANCELLED,0.09197,,0.08847,0.094596,,71957.55898662606,6617.9366999999975,188.96054989888026,,,EXPIRED,56,scanner,(trend) SELL LIMIT,1775095500697,,1775272820349,,binance
99,7230,BCHUSDT,SHORT,CANCELLED,461.888637,,448.202261,472.15342,,14.327992009034848,6617.9366999999975,147.07372879847625,,,EXPIRED,56,scanner,(trend) SELL LIMIT,1775095500718,,1775097910339,,binance
100,7234,DOTUSDT,SHORT,CANCELLED,1.264938,,1.21112,1.305302,,5231.826935391298,6617.9366999999975,211.1774624201347,,,EXPIRED,56,scanner,(trend) SELL LIMIT,1775095500732,,1775272820349,,binance
101,7235,AAVEUSDT,SHORT,CANCELLED,98.356428,,93.918052,101.685211,,66.26983194759161,6518.0639545253935,220.59788999999992,,,EXPIRED,56,scanner,(trend) SELL LIMIT,1775095500750,,1775272820349,,binance
104,7316,BNBUSDT,SHORT,PENDING,593.993691,,580.759204,603.919557,,16.35493785067828,9714.729899999998,162.3369215441613,,,,56,BEAR,(trend) SELL_LIMIT 60% | ,1775272844025,,,,binance
105,7317,ATOMUSDT,SHORT,OPEN,1.685831,1.689,1.632722,1.725662,,5762.5763792456055,9714.729899999998,229.52917976173143,,,,56,BEAR,(trend) SELL_LIMIT 60% | ,1775272844036,1775273100188,,,binance
106,7319,APTUSDT,SHORT,PENDING,0.870804,,0.837236,0.89598,,11156.046481182904,9714.729899999998,280.86462621026055,,,,56,BEAR,(trend) SELL_LIMIT 60% | ,1775272844043,,,,binance
107,7381,XRPUSDT,SHORT,PENDING,1.323254,,1.287269,1.350243,,7341.545840783401,9714.729899999998,198.14098069690434,,,,56,BEAR,(trend) SELL_LIMIT 60% | ,1775273170844,,,,binance
108,7387,SOLUSDT,SHORT,PENDING,80.65759,,77.698399,82.876984,,120.4440883988723,9714.729899999998,267.31288712792605,,,,56,scanner,(trend) SELL LIMIT,1775273700632,,,,binance
109,7389,ADAUSDT,SHORT,OPEN,0.244299,0.2459,0.234658,0.251529,,39765.73747743543,9714.729899999998,287.50628196185875,,,,56,scanner,(trend) SELL LIMIT,1775273700649,1775274000288,,,binance
110,7390,BCHUSDT,SHORT,PENDING,448.62345,,437.73162,456.792323,,21.65452987354985,9714.729899999998,176.8931044117352,,,,56,scanner,(trend) SELL LIMIT,1775273700662,,,,binance
111,7391,XLMUSDT,SHORT,PENDING,0.165104,,0.159297,0.169459,,58840.06383855024,9714.729899999998,256.24847801688617,,,,56,scanner,(trend) SELL LIMIT,1775273700676,,,,binance
112,7392,LTCUSDT,SHORT,OPEN,53.07969,53.15,51.82601,54.01995,,183.02160204778886,9714.729899999998,172.08789154145433,,,,56,scanner,(trend) SELL LIMIT,1775273700701,1775274000288,,,binance
113,7393,TONUSDT,SHORT,PENDING,1.234936,,1.201957,1.259669,,7866.585717802379,9714.729899999998,194.5642645584054,,,,56,scanner,(trend) SELL LIMIT,1775273700719,,,,binance
114,7394,DOTUSDT,SHORT,PENDING,1.246299,,1.20235,1.279261,,7794.862950223019,9714.729899999998,256.93427256525064,,,,56,scanner,(trend) SELL LIMIT,1775273700738,,,,binance
115,7401,XAUTUSDT,SHORT,OPEN,4634.204422,4636.39,4555.427391,4693.287195,,2.0963101786967306,9714.729899999998,123.85581842552855,,,,56,scanner,(trend) SELL LIMIT,1775274300571,1775281800556,,,binance
116,7422,KITEUSDT,SHORT,PENDING,0.141549,,0.12485,0.154074,,25854.23792415173,3659.6415239257535,323.8243299999999,,,,56,scanner,(trend) SELL LIMIT,1775282100623,,,,binance
117,7423,UNIUSDT,SHORT,PENDING,3.281312,,3.136246,3.390112,,2960.62364688271,9714.729899999998,322.1158527808389,,,,56,scanner,(trend) SELL LIMIT,1775282100639,,,,binance
118,7424,BARDUSDT,SHORT,PENDING,0.320229,,0.292482,0.341039,,15560.996155694378,4983.082237941855,323.8243299999999,,,,56,scanner,(trend) SELL LIMIT,1775282100653,,,,binance
